email,password
test_student_1@testing.edu,muffin
test_student_2@testing.edu,muffin
test_student_3@testing.edu,muffin
test_student_4@testing.edu,muffin
test_student_5@testing.edu,muffin
test_student_6@testing.edu,muffin
test_student_7@testing.edu,muffin
test_student_8@testing.edu,muffin
test_student_9@testing.edu,muffin
test_student_10@testing.edu,muffin
test_student_11@testing.edu,muffin
test_student_12@testing.edu,muffin
test_student_13@testing.edu,muffin
test_student_14@testing.edu,muffin
test_student_15@testing.edu,muffin
test_student_16@testing.edu,muffin
test_student_17@testing.edu,muffin
test_student_18@testing.edu,muffin
test_student_19@testing.edu,muffin
test_student_20@testing.edu,muffin
test_student_21@testing.edu,muffin
test_student_22@testing.edu,muffin
test_student_23@testing.edu,muffin
test_student_24@testing.edu,muffin
test_student_25@testing.edu,muffin
test_student_26@testing.edu,muffin
test_student_27@testing.edu,muffin
test_student_28@testing.edu,muffin
test_student_29@testing.edu,muffin
test_student_30@testing.edu,muffin
test_student_31@testing.edu,muffin
test_student_32@testing.edu,muffin
test_student_33@testing.edu,muffin
test_student_34@testing.edu,muffin
test_student_35@testing.edu,muffin
test_student_36@testing.edu,muffin
test_student_37@testing.edu,muffin
test_student_38@testing.edu,muffin
test_student_39@testing.edu,muffin
test_student_40@testing.edu,muffin
test_student_41@testing.edu,muffin
test_student_42@testing.edu,muffin
test_student_43@testing.edu,muffin
test_student_44@testing.edu,muffin
test_student_45@testing.edu,muffin
test_student_46@testing.edu,muffin
test_student_47@testing.edu,muffin
test_student_48@testing.edu,muffin
test_student_49@testing.edu,muffin
test_student_50@testing.edu,muffin
test_student_51@testing.edu,muffin
test_student_52@testing.edu,muffin
test_student_53@testing.edu,muffin
test_student_54@testing.edu,muffin
test_student_55@testing.edu,muffin
test_student_56@testing.edu,muffin
test_student_57@testing.edu,muffin
test_student_58@testing.edu,muffin
test_student_59@testing.edu,muffin
test_student_60@testing.edu,muffin
test_student_61@testing.edu,muffin
test_student_62@testing.edu,muffin
test_student_63@testing.edu,muffin
test_student_64@testing.edu,muffin
test_student_65@testing.edu,muffin
test_student_66@testing.edu,muffin
test_student_67@testing.edu,muffin
test_student_68@testing.edu,muffin
test_student_69@testing.edu,muffin
test_student_70@testing.edu,muffin
test_student_71@testing.edu,muffin
test_student_72@testing.edu,muffin
test_student_73@testing.edu,muffin
test_student_74@testing.edu,muffin
test_student_75@testing.edu,muffin
test_student_76@testing.edu,muffin
test_student_77@testing.edu,muffin
test_student_78@testing.edu,muffin
test_student_79@testing.edu,muffin
test_student_80@testing.edu,muffin
test_student_81@testing.edu,muffin
test_student_82@testing.edu,muffin
test_student_83@testing.edu,muffin
test_student_84@testing.edu,muffin
test_student_85@testing.edu,muffin
test_student_86@testing.edu,muffin
test_student_87@testing.edu,muffin
test_student_88@testing.edu,muffin
test_student_89@testing.edu,muffin
test_student_90@testing.edu,muffin
test_student_91@testing.edu,muffin
test_student_92@testing.edu,muffin
test_student_93@testing.edu,muffin
test_student_94@testing.edu,muffin
test_student_95@testing.edu,muffin
test_student_96@testing.edu,muffin
test_student_97@testing.edu,muffin
test_student_98@testing.edu,muffin
test_student_99@testing.edu,muffin
test_student_100@testing.edu,muffin
test_student_101@testing.edu,muffin
test_student_102@testing.edu,muffin
test_student_103@testing.edu,muffin
test_student_104@testing.edu,muffin
test_student_105@testing.edu,muffin
test_student_106@testing.edu,muffin
test_student_107@testing.edu,muffin
test_student_108@testing.edu,muffin
test_student_109@testing.edu,muffin
test_student_110@testing.edu,muffin
test_student_111@testing.edu,muffin
test_student_112@testing.edu,muffin
test_student_113@testing.edu,muffin
test_student_114@testing.edu,muffin
test_student_115@testing.edu,muffin
test_student_116@testing.edu,muffin
test_student_117@testing.edu,muffin
test_student_118@testing.edu,muffin
test_student_119@testing.edu,muffin
test_student_120@testing.edu,muffin
test_student_121@testing.edu,muffin
test_student_122@testing.edu,muffin
test_student_123@testing.edu,muffin
test_student_124@testing.edu,muffin
test_student_125@testing.edu,muffin
test_student_126@testing.edu,muffin
test_student_127@testing.edu,muffin
test_student_128@testing.edu,muffin
test_student_129@testing.edu,muffin
test_student_130@testing.edu,muffin
test_student_131@testing.edu,muffin
test_student_132@testing.edu,muffin
test_student_133@testing.edu,muffin
test_student_134@testing.edu,muffin
test_student_135@testing.edu,muffin
test_student_136@testing.edu,muffin
test_student_137@testing.edu,muffin
test_student_138@testing.edu,muffin
test_student_139@testing.edu,muffin
test_student_140@testing.edu,muffin
test_student_141@testing.edu,muffin
test_student_142@testing.edu,muffin
test_student_143@testing.edu,muffin
test_student_144@testing.edu,muffin
test_student_145@testing.edu,muffin
test_student_146@testing.edu,muffin
test_student_147@testing.edu,muffin
test_student_148@testing.edu,muffin
test_student_149@testing.edu,muffin
test_student_150@testing.edu,muffin
test_student_151@testing.edu,muffin
test_student_152@testing.edu,muffin
test_student_153@testing.edu,muffin
test_student_154@testing.edu,muffin
test_student_155@testing.edu,muffin
test_student_156@testing.edu,muffin
test_student_157@testing.edu,muffin
test_student_158@testing.edu,muffin
test_student_159@testing.edu,muffin
test_student_160@testing.edu,muffin
test_student_161@testing.edu,muffin
test_student_162@testing.edu,muffin
test_student_163@testing.edu,muffin
test_student_164@testing.edu,muffin
test_student_165@testing.edu,muffin
test_student_166@testing.edu,muffin
test_student_167@testing.edu,muffin
test_student_168@testing.edu,muffin
test_student_169@testing.edu,muffin
test_student_170@testing.edu,muffin
test_student_171@testing.edu,muffin
test_student_172@testing.edu,muffin
test_student_173@testing.edu,muffin
test_student_174@testing.edu,muffin
test_student_175@testing.edu,muffin
test_student_176@testing.edu,muffin
test_student_177@testing.edu,muffin
test_student_178@testing.edu,muffin
test_student_179@testing.edu,muffin
test_student_180@testing.edu,muffin
test_student_181@testing.edu,muffin
test_student_182@testing.edu,muffin
test_student_183@testing.edu,muffin
test_student_184@testing.edu,muffin
test_student_185@testing.edu,muffin
test_student_186@testing.edu,muffin
test_student_187@testing.edu,muffin
test_student_188@testing.edu,muffin
test_student_189@testing.edu,muffin
test_student_190@testing.edu,muffin
test_student_191@testing.edu,muffin
test_student_192@testing.edu,muffin
test_student_193@testing.edu,muffin
test_student_194@testing.edu,muffin
test_student_195@testing.edu,muffin
test_student_196@testing.edu,muffin
test_student_197@testing.edu,muffin
test_student_198@testing.edu,muffin
test_student_199@testing.edu,muffin
test_student_200@testing.edu,muffin
test_student_201@testing.edu,muffin
test_student_202@testing.edu,muffin
test_student_203@testing.edu,muffin
test_student_204@testing.edu,muffin
test_student_205@testing.edu,muffin
test_student_206@testing.edu,muffin
test_student_207@testing.edu,muffin
test_student_208@testing.edu,muffin
test_student_209@testing.edu,muffin
test_student_210@testing.edu,muffin
test_student_211@testing.edu,muffin
test_student_212@testing.edu,muffin
test_student_213@testing.edu,muffin
test_student_214@testing.edu,muffin
test_student_215@testing.edu,muffin
test_student_216@testing.edu,muffin
test_student_217@testing.edu,muffin
test_student_218@testing.edu,muffin
test_student_219@testing.edu,muffin
test_student_220@testing.edu,muffin
test_student_221@testing.edu,muffin
test_student_222@testing.edu,muffin
test_student_223@testing.edu,muffin
test_student_224@testing.edu,muffin
test_student_225@testing.edu,muffin
test_student_226@testing.edu,muffin
test_student_227@testing.edu,muffin
test_student_228@testing.edu,muffin
test_student_229@testing.edu,muffin
test_student_230@testing.edu,muffin
test_student_231@testing.edu,muffin
test_student_232@testing.edu,muffin
test_student_233@testing.edu,muffin
test_student_234@testing.edu,muffin
test_student_235@testing.edu,muffin
test_student_236@testing.edu,muffin
test_student_237@testing.edu,muffin
test_student_238@testing.edu,muffin
test_student_239@testing.edu,muffin
test_student_240@testing.edu,muffin
test_student_241@testing.edu,muffin
test_student_242@testing.edu,muffin
test_student_243@testing.edu,muffin
test_student_244@testing.edu,muffin
test_student_245@testing.edu,muffin
test_student_246@testing.edu,muffin
test_student_247@testing.edu,muffin
test_student_248@testing.edu,muffin
test_student_249@testing.edu,muffin
test_student_250@testing.edu,muffin
test_student_251@testing.edu,muffin
test_student_252@testing.edu,muffin
test_student_253@testing.edu,muffin
test_student_254@testing.edu,muffin
test_student_255@testing.edu,muffin
test_student_256@testing.edu,muffin
test_student_257@testing.edu,muffin
test_student_258@testing.edu,muffin
test_student_259@testing.edu,muffin
test_student_260@testing.edu,muffin
test_student_261@testing.edu,muffin
test_student_262@testing.edu,muffin
test_student_263@testing.edu,muffin
test_student_264@testing.edu,muffin
test_student_265@testing.edu,muffin
test_student_266@testing.edu,muffin
test_student_267@testing.edu,muffin
test_student_268@testing.edu,muffin
test_student_269@testing.edu,muffin
test_student_270@testing.edu,muffin
test_student_271@testing.edu,muffin
test_student_272@testing.edu,muffin
test_student_273@testing.edu,muffin
test_student_274@testing.edu,muffin
test_student_275@testing.edu,muffin
test_student_276@testing.edu,muffin
test_student_277@testing.edu,muffin
test_student_278@testing.edu,muffin
test_student_279@testing.edu,muffin
test_student_280@testing.edu,muffin
test_student_281@testing.edu,muffin
test_student_282@testing.edu,muffin
test_student_283@testing.edu,muffin
test_student_284@testing.edu,muffin
test_student_285@testing.edu,muffin
test_student_286@testing.edu,muffin
test_student_287@testing.edu,muffin
test_student_288@testing.edu,muffin
test_student_289@testing.edu,muffin
test_student_290@testing.edu,muffin
test_student_291@testing.edu,muffin
test_student_292@testing.edu,muffin
test_student_293@testing.edu,muffin
test_student_294@testing.edu,muffin
test_student_295@testing.edu,muffin
test_student_296@testing.edu,muffin
test_student_297@testing.edu,muffin
test_student_298@testing.edu,muffin
test_student_299@testing.edu,muffin
test_student_300@testing.edu,muffin
test_student_301@testing.edu,muffin
test_student_302@testing.edu,muffin
test_student_303@testing.edu,muffin
test_student_304@testing.edu,muffin
test_student_305@testing.edu,muffin
test_student_306@testing.edu,muffin
test_student_307@testing.edu,muffin
test_student_308@testing.edu,muffin
test_student_309@testing.edu,muffin
test_student_310@testing.edu,muffin
test_student_311@testing.edu,muffin
test_student_312@testing.edu,muffin
test_student_313@testing.edu,muffin
test_student_314@testing.edu,muffin
test_student_315@testing.edu,muffin
test_student_316@testing.edu,muffin
test_student_317@testing.edu,muffin
test_student_318@testing.edu,muffin
test_student_319@testing.edu,muffin
test_student_320@testing.edu,muffin
test_student_321@testing.edu,muffin
test_student_322@testing.edu,muffin
test_student_323@testing.edu,muffin
test_student_324@testing.edu,muffin
test_student_325@testing.edu,muffin
test_student_326@testing.edu,muffin
test_student_327@testing.edu,muffin
test_student_328@testing.edu,muffin
test_student_329@testing.edu,muffin
test_student_330@testing.edu,muffin
test_student_331@testing.edu,muffin
test_student_332@testing.edu,muffin
test_student_333@testing.edu,muffin
test_student_334@testing.edu,muffin
test_student_335@testing.edu,muffin
test_student_336@testing.edu,muffin
test_student_337@testing.edu,muffin
test_student_338@testing.edu,muffin
test_student_339@testing.edu,muffin
test_student_340@testing.edu,muffin
test_student_341@testing.edu,muffin
test_student_342@testing.edu,muffin
test_student_343@testing.edu,muffin
test_student_344@testing.edu,muffin
test_student_345@testing.edu,muffin
test_student_346@testing.edu,muffin
test_student_347@testing.edu,muffin
test_student_348@testing.edu,muffin
test_student_349@testing.edu,muffin
test_student_350@testing.edu,muffin
test_student_351@testing.edu,muffin
test_student_352@testing.edu,muffin
test_student_353@testing.edu,muffin
test_student_354@testing.edu,muffin
test_student_355@testing.edu,muffin
test_student_356@testing.edu,muffin
test_student_357@testing.edu,muffin
test_student_358@testing.edu,muffin
test_student_359@testing.edu,muffin
test_student_360@testing.edu,muffin
test_student_361@testing.edu,muffin
test_student_362@testing.edu,muffin
test_student_363@testing.edu,muffin
test_student_364@testing.edu,muffin
test_student_365@testing.edu,muffin
test_student_366@testing.edu,muffin
test_student_367@testing.edu,muffin
test_student_368@testing.edu,muffin
test_student_369@testing.edu,muffin
test_student_370@testing.edu,muffin
test_student_371@testing.edu,muffin
test_student_372@testing.edu,muffin
test_student_373@testing.edu,muffin
test_student_374@testing.edu,muffin
test_student_375@testing.edu,muffin
test_student_376@testing.edu,muffin
test_student_377@testing.edu,muffin
test_student_378@testing.edu,muffin
test_student_379@testing.edu,muffin
test_student_380@testing.edu,muffin
test_student_381@testing.edu,muffin
test_student_382@testing.edu,muffin
test_student_383@testing.edu,muffin
test_student_384@testing.edu,muffin
test_student_385@testing.edu,muffin
test_student_386@testing.edu,muffin
test_student_387@testing.edu,muffin
test_student_388@testing.edu,muffin
test_student_389@testing.edu,muffin
test_student_390@testing.edu,muffin
test_student_391@testing.edu,muffin
test_student_392@testing.edu,muffin
test_student_393@testing.edu,muffin
test_student_394@testing.edu,muffin
test_student_395@testing.edu,muffin
test_student_396@testing.edu,muffin
test_student_397@testing.edu,muffin
test_student_398@testing.edu,muffin
test_student_399@testing.edu,muffin
test_student_400@testing.edu,muffin
test_student_401@testing.edu,muffin
test_student_402@testing.edu,muffin
test_student_403@testing.edu,muffin
test_student_404@testing.edu,muffin
test_student_405@testing.edu,muffin
test_student_406@testing.edu,muffin
test_student_407@testing.edu,muffin
test_student_408@testing.edu,muffin
test_student_409@testing.edu,muffin
test_student_410@testing.edu,muffin
test_student_411@testing.edu,muffin
test_student_412@testing.edu,muffin
test_student_413@testing.edu,muffin
test_student_414@testing.edu,muffin
test_student_415@testing.edu,muffin
test_student_416@testing.edu,muffin
test_student_417@testing.edu,muffin
test_student_418@testing.edu,muffin
test_student_419@testing.edu,muffin
test_student_420@testing.edu,muffin
test_student_421@testing.edu,muffin
test_student_422@testing.edu,muffin
test_student_423@testing.edu,muffin
test_student_424@testing.edu,muffin
test_student_425@testing.edu,muffin
test_student_426@testing.edu,muffin
test_student_427@testing.edu,muffin
test_student_428@testing.edu,muffin
test_student_429@testing.edu,muffin
test_student_430@testing.edu,muffin
test_student_431@testing.edu,muffin
test_student_432@testing.edu,muffin
test_student_433@testing.edu,muffin
test_student_434@testing.edu,muffin
test_student_435@testing.edu,muffin
test_student_436@testing.edu,muffin
test_student_437@testing.edu,muffin
test_student_438@testing.edu,muffin
test_student_439@testing.edu,muffin
test_student_440@testing.edu,muffin
test_student_441@testing.edu,muffin
test_student_442@testing.edu,muffin
test_student_443@testing.edu,muffin
test_student_444@testing.edu,muffin
test_student_445@testing.edu,muffin
test_student_446@testing.edu,muffin
test_student_447@testing.edu,muffin
test_student_448@testing.edu,muffin
test_student_449@testing.edu,muffin
test_student_450@testing.edu,muffin
test_student_451@testing.edu,muffin
test_student_452@testing.edu,muffin
test_student_453@testing.edu,muffin
test_student_454@testing.edu,muffin
test_student_455@testing.edu,muffin
test_student_456@testing.edu,muffin
test_student_457@testing.edu,muffin
test_student_458@testing.edu,muffin
test_student_459@testing.edu,muffin
test_student_460@testing.edu,muffin
test_student_461@testing.edu,muffin
test_student_462@testing.edu,muffin
test_student_463@testing.edu,muffin
test_student_464@testing.edu,muffin
test_student_465@testing.edu,muffin
test_student_466@testing.edu,muffin
test_student_467@testing.edu,muffin
test_student_468@testing.edu,muffin
test_student_469@testing.edu,muffin
test_student_470@testing.edu,muffin
test_student_471@testing.edu,muffin
test_student_472@testing.edu,muffin
test_student_473@testing.edu,muffin
test_student_474@testing.edu,muffin
test_student_475@testing.edu,muffin
test_student_476@testing.edu,muffin
test_student_477@testing.edu,muffin
test_student_478@testing.edu,muffin
test_student_479@testing.edu,muffin
test_student_480@testing.edu,muffin
test_student_481@testing.edu,muffin
test_student_482@testing.edu,muffin
test_student_483@testing.edu,muffin
test_student_484@testing.edu,muffin
test_student_485@testing.edu,muffin
test_student_486@testing.edu,muffin
test_student_487@testing.edu,muffin
test_student_488@testing.edu,muffin
test_student_489@testing.edu,muffin
test_student_490@testing.edu,muffin
test_student_491@testing.edu,muffin
test_student_492@testing.edu,muffin
test_student_493@testing.edu,muffin
test_student_494@testing.edu,muffin
test_student_495@testing.edu,muffin
test_student_496@testing.edu,muffin
test_student_497@testing.edu,muffin
test_student_498@testing.edu,muffin
test_student_499@testing.edu,muffin
test_student_500@testing.edu,muffin
